name,category,city,website
1 mg,more-than-faang,,https://www.1mg.com/jobs
100x,yc-india,Bengaluru,https://100x.bot?utm_source=inbound&utm_medium=bookface&utm_campaign=yc&utm_id=122
10x Science,yc-remote,Remote,https://10xscience.com
3i Infotech,more-than-faang,,https://www.3i-infotech.com/careers/
4baseCare,consumer,Bengaluru,
4i Apps,more-than-faang,,https://www.4iapps.com/careers/#jobs
5ire,more-than-faang,,https://www.5ire.org/carreer-blockchain
99minutos,yc-remote,Remote,https://99minutos.com
AIVideo.com,yc-remote,Remote,https://aivideo.com
AMD,global-india-engineering,Hyderabad,
ASML,more-than-faang,,https://www.asml.com/en/careers
Abstract,more-than-faang,,https://angel.co/company/abstract/jobs
Accenture,more-than-faang,,https://www.accenture.com/in-en/careers
AccioJob,yc-india,Gurugram,https://acciojob.com
Accolite software,more-than-faang,,https://www.accolite.com/careers
Accord software,more-than-faang,,https://accord-global.com/careers.html
Accredible,more-than-faang,,https://careers.accredible.com/
Acely,yc-remote,Remote,https://acely.com
Acko,fintech,Bengaluru,
Activeloop,yc-remote,Remote,https://activeloop.ai/
Activision Blizzard,more-than-faang,,https://careers.activisionblizzard.com/
Adda247,consumer,Gurugram,
Addverb,ai-native,Noida,
Adentris,yc-remote,Remote,https://www.adentris.com
Adialante,yc-remote,Remote,http://www.adialante.com
Adobe,global-india-engineering,Noida,
Advantage Club,yc-india,Gurugram,https://www.advantageclub.co
Afriex,yc-remote,Remote,https://www.afriexapp.com
Agapé,yc-remote,Remote,https://www.getdailyagape.com
Agile Solutions,more-than-faang,,http://agilesolutions.com/careers-2/
AgileMD,yc-remote,Remote,https://agilemd.com
Aglide,yc-remote,Remote,https://aglide.com
Agnikul Cosmos,mobility-industrial-climate-space,Chennai,
Agrim,more-india-product,Gurugram,
AgroStar,mobility-industrial-climate-space,Pune,
AiSensy,ai-native,Gurugram,
AirMyne,yc-remote,Remote,http://www.airmyne.com
Airbase,more-than-faang,,https://www.airbase.com/careers
Airbus,more-than-faang,,https://www.airbus.com/careers.html
Airhart Aeronautics,yc-remote,Remote,https://www.airhartaero.com/
Airmeet,devtools-infra,Bengaluru,
Airtel Digital,global-india-engineering,Gurugram,
Airtel x labs,more-than-faang,,https://careers.airtel.com/
Ajio,more-than-faang,,https://www.ajio.com/ajio-careers
Akamai,global-india-engineering,Bengaluru,
Akute Health,yc-remote,Remote,https://www.akutehealth.com
AlgoSurg Inc,yc-india,MH,http://www.algosurg.com
AlgoTest,yc-india,Delhi,https://algotest.in
AlgoUniversity,yc-india,Hyderabad,http://algouniversity.com/
Alguna,yc-remote,Remote,https://alguna.com
Alibaba Group,more-than-faang,,https://talent.alibaba.com/en/home?lang=en
Allo Health,consumer,Bengaluru,
Allus AI,yc-remote,Remote,https://allus.ai
AlmaBetter,consumer,Bengaluru,
Alpha Vantage,yc-remote,Remote,https://www.alphavantage.co/
AlphaGrep,more-india-product,Mumbai,
Alstom,more-than-faang,,https://www.alstom.com/careers
Alt DRX,more-india-product,Bengaluru,
Altizon,more-india-product,Pune,
Altor,mobility-industrial-climate-space,Bengaluru,
Amadeus labs,more-than-faang,,https://jobs.amadeus.com/
Amagi,devtools-infra,Bengaluru,
Amboras,yc-remote,Remote,https://amboras.com
Amdocs,more-than-faang,,https://asset.amdocs.com/careers/home
American Express,global-india-engineering,Gurugram,
Amway,more-than-faang,,https://www.amway.in/about-amway/careers
Analog Devices,more-than-faang,,https://www.analog.com/en/about-adi/careers.html
Anara,yc-remote,Remote,https://anara.com
Andy AI,yc-remote,Remote,https://with-andy.com
Angel One,fintech,Mumbai,
Ankr Health,yc-remote,Remote,https://ankr.us
Ansys,more-than-faang,,https://www.ansys.com/en-in/careers
Apero Health,yc-remote,Remote,https://www.aperohealth.com
Apna,saas,Mumbai,
Apollo,yc-india,Bengaluru,https://www.apollofirst.xyz/
Apollo 24,more-india-product,"apollo247,apollohealthco",
App Dynamics,more-than-faang,,https://www.appdynamics.com/company/careers/india
AppInventiv,more-than-faang,,https://appinventiv.com/career/
AppX,yc-india,New Delhi,https://appx.co.in
Appfolio,more-than-faang,,https://www.appfolio.com/company/careers
Apple,global-india-engineering,Hyderabad,
Applied Materials,more-than-faang,,https://www.appliedmaterials.com/us/en/careers.html
Appsmith,devtools-infra,Bengaluru,
Appwrite,devtools-infra,Remote,
AptDeco,yc-remote,Remote,https://www.aptdeco.com/
Aptiv,more-than-faang,,https://jobs.aptiv.com/
Aqua,yc-remote,Remote,https://www.investwithaqua.com
Arcesium,more-india-product,Hyderabad,
ArchForm,yc-remote,Remote,http://archform.com
ArchiLabs,yc-remote,Remote,https://archilabs.ai
Arlo Industries,yc-remote,Remote,https://arlo1.com/
Arya.ag,mobility-industrial-climate-space,Noida,
Arya.ai,ai-native,Mumbai,
Aryaka networks,more-than-faang,,https://www.linkedin.com/company/aryaka-networks/jobs?originalSubdomain=in
Arzooo,mobility-industrial-climate-space,Bengaluru,
Aseon Labs,yc-remote,Remote,https://www.aseonlabs.com/
Asha Health,yc-remote,Remote,https://asha.health
Aside,yc-remote,Remote,https://aside.com
Aspire,yc-remote,Remote,https://aspireapp.com
Assembly HOA,yc-remote,Remote,https://assemblyhoa.com
Asteria Aerospace Ltd,more-than-faang,,https://asteria.co.in/careers/
Athelas,yc-remote,Remote,http://athelas.com
Athena Health,more-than-faang,,https://www.athenahealth.com/careers
Ather Energy,mobility-industrial-climate-space,Bengaluru,
Ati Motors,ai-native,Bengaluru,
Atlassian,global-india-engineering,Bengaluru,
Atomicwork,ai-native,Bengaluru,
Attack Capital,yc-remote,Remote,https://attack.capital/
Attero,more-india-product,Noida,
Authologic,yc-remote,Remote,https://authologic.com
Autodesk,global-india-engineering,Pune,
Automatic Data Processing,more-than-faang,,https://jobs.adp.com/
Automation Anywhere,global-india-engineering,Bengaluru,
Automattic,remote-first-global,Remote,
Autonomous Technologies Group,yc-remote,Remote,https://becomeautonomous.com/
Auzmor,more-than-faang,,https://auzmor.com/careers/
Avaamo,ai-native,Bengaluru,
Avail finance,more-than-faang,,https://availfinance.in/opportunities/
Avalara,more-than-faang,,https://www.avalara.com/us/en/about/jobs/job-openings.html
Avataar,ai-native,Bengaluru,
Avaya,more-than-faang,,https://careers.avaya.com/
Avent,yc-remote,Remote,https://www.aventindustrial.com
AviaryAI,yc-remote,Remote,http://www.helloaviary.ai
Aviator,yc-remote,Remote,https://aviator.co
Axel Travel,yc-remote,Remote,https://helloaxel.com/
Axis Bank,more-than-faang,,https://www.axisbank.com/careers
Axross Pte Ltd,yc-remote,Remote,https://www.axross.co/
Azalea Robotics Corporation,yc-remote,Remote,https://azalearobotics.com/
BARC India,more-than-faang,,https://www.barcindia.co.in/life-at-barc
BCG,more-than-faang,,https://careers.bcg.com/
BMC software,more-than-faang,,https://www.bmc.com/careers/careers.html
BNY Mellon,more-than-faang,,https://jobs.bnymellon.com/
Bain &amp; Co,more-than-faang,,https://www.bain.com/careers/
Baraka,yc-remote,Remote,https://www.getbaraka.com/
Barclays,more-than-faang,,https://home.barclays/careers/
Battery Smart,mobility-industrial-climate-space,Gurugram,
Beacons,yc-remote,Remote,https://beacons.ai/
Beaconstac,saas,Bengaluru,
Bellatrix Aerospace,mobility-industrial-climate-space,Bengaluru,
BelozFi,yc-remote,Remote,https://www.belozfi.com.mx/
Bemlo,yc-remote,Remote,https://www.bemlo.com/en
Benchmark,more-than-faang,,https://benchmarkit.zohorecruit.com/jobs/Careers
BentoLabs AI,yc-india,Bengaluru,https://bentolabs.ai/
Berry,yc-remote,Remote,https://berryai.com/
Better,more-than-faang,,https://better.com/about-us/careers
Better Opinions,yc-india,Bengaluru,https://betteropinions.in/
BetterBasket,yc-remote,Remote,http://www.betterbasket.com
Betterhalf,yc-india,Bengaluru,https://betterhalf.ai
Bewakoof,consumer,Mumbai,
BharatAgri,more-india-product,Pune,
BharatPe,fintech,Delhi,
BharatX,more-india-product,Bengaluru,
Biconomy,devtools-infra,Bengaluru,
Bidgely,more-than-faang,,https://www.bidgely.com/bidgely-career-opportunities/
BigBasket,consumer,Bengaluru,
Bijak,mobility-industrial-climate-space,Gurugram,
Bik.ai,saas,Bengaluru,
Bikry,yc-india,Noida,https://bikry.com/
Billdesk,more-than-faang,,https://www.linkedin.com/company/billdesk/jobs/
Bimaplan,yc-india,Bengaluru,https://www.bimaplan.co
Binks,yc-india,Bengaluru,https://getbinks.com/
Biodock,yc-remote,Remote,https://www.biodock.ai
Bizom,more-india-product,Bengaluru,
Bizongo,mobility-industrial-climate-space,Mumbai,
BlackBuck,mobility-industrial-climate-space,Bengaluru,
BlackRock,more-india-product,Gurugram,
Blink,yc-remote,Remote,https://blink.new
Blinkit,consumer,Gurugram,
Bloom Institute of Technology,yc-remote,Remote,https://www.bloomtech.com
Bloomberg LP,more-than-faang,,https://careers.bloomberg.com/job/search
BluSmart,mobility-industrial-climate-space,Gurugram,
Blue Energy Motors,mobility-industrial-climate-space,Pune,
Blue Onion,yc-remote,Remote,https://www.blueonion.ai/
BlueCargo,yc-remote,Remote,http://www.bluecargo.io/
BlueHill Payments,yc-remote,Remote,https://www.useBlueHill.com/
BlueJeans,more-than-faang,,https://www.bluejeans.com/careers
Bluestacks,more-than-faang,,https://www.bluestacks.com/work-at-bluestacks.html
Bobble AI,ai-native,Gurugram,
Boeing,more-than-faang,,https://jobs.boeing.com/
Bombay Shaving Company,consumer,Delhi,
Booking.com,more-than-faang,,https://jobs.booking.com/careers
Bosch,more-than-faang,,https://www.bosch.in/careers/
Bosch Global Software Technologies,global-india-engineering,Bengaluru,
BosonQ Psi,more-india-product,Bengaluru,
Bot MD,yc-remote,Remote,https://www.botmd.io
Bottemline Technologies,more-than-faang,,https://www.bottomline.com/apac/about/careers
Bountiful,yc-remote,Remote,https://bountiful.ag/
Box,global-india-engineering,Pune,
Brahmastra Aerospace,more-than-faang,,https://www.brahmastraspace.org/career
Broadcom,global-india-engineering,Bengaluru,
BrowserStack,devtools-infra,Mumbai,
BuildBuddy,yc-remote,Remote,https://buildbuddy.io
Bulk MRO Industrial Supply,yc-india,Mumbai,http://www.bulkmro.com
Buoyant Aero,yc-remote,Remote,https://www.buoyant.aero
BusinessOnBot,yc-india,Bengaluru,https://www.businessonbot.com/
Byju's,consumer,Bengaluru,
CORE,yc-india,Bengaluru,https://getcore.me
CSS Corp,more-than-faang,,https://www.csscorp.com/company/careers/
Cadence,global-india-engineering,Noida,
Callab AI,yc-remote,Remote,https://callab.ai
Canix,yc-remote,Remote,https://www.canix.com/
Capillary Technologies,saas,Bengaluru,
Capital One,more-than-faang,,https://www.capitalonecareers.com/
Capitol AI,yc-remote,Remote,https://www.capitol.ai/
CarDekho,consumer,Jaipur,
CarWale,more-than-faang,,https://www.carwale.com/career/
CaratLane,consumer,Chennai,
Careforce,yc-remote,Remote,https://careforce.ai/
Cargo,yc-remote,Remote,https://getcargo.io
Carma,yc-remote,Remote,https://www.joincarma.com/
Cartage,yc-remote,Remote,https://cartage.ai
CashBook,yc-india,Bengaluru,https://cashbook.in
Cashfree,more-than-faang,,https://www.cashfree.com/careers
Cashfree Payments,fintech,Bengaluru,
Cashify,fintech,Gurugram,
Cashkaro,more-india-product,Gurugram,
Cedana,yc-remote,Remote,https://cedana.ai
Cekura,yc-remote,Remote,https://www.cekura.ai/
Centaur,yc-remote,Remote,https://centaur.ai/
Cerner,more-than-faang,,https://careers.cerner.com/
Chainlink Labs,remote-first-global,Remote,
Chalo,consumer,Mumbai,
CharacterQuilt,yc-remote,Remote,https://characterquilt.com
ChargeZone,mobility-industrial-climate-space,Vadodara,
Chargebee,saas,Chennai,
Checkout.com,more-than-faang,,https://www.checkout.com/careers#jobs
Chronus,more-than-faang,,https://chronus.com/about-us/careers
Cimpress,more-than-faang,,https://cimpress.com/careers/
Cisco,global-india-engineering,Bengaluru,
Citadel,more-than-faang,,https://www.citadel.com/careers/open-positions/
Citadel Securities,more-than-faang,,https://www.citadelsecurities.com/careers/open-roles/
Citi Bank,more-than-faang,,https://jobs.citi.com/
Citrix,more-than-faang,,https://jobs.citrix.com/
CityMall,consumer,Gurugram,
Cityfurnish,yc-india,New Delhi,https://cityfurnish.com/
Classplus,saas,Noida,
ClearGlass,more-than-faang,,https://clearglass.com/careers/
Cleartrip,consumer,Bengaluru,
CleverTap,saas,Mumbai,
ClickPe,yc-india,Surat,https://clickpe.ai/
ClickPost,saas,Noida,
Clinikally,yc-india,Gurugram,https://www.clinikally.com/
Closure,yc-remote,Remote,https://closure-intel.com/
Cloudera,global-india-engineering,Bengaluru,
Cloudglue,yc-remote,Remote,https://cloudglue.dev
Cloudphysician,consumer,Bengaluru,
Clueso,yc-india,Bengaluru,https://clueso.io
CoRover,ai-native,Bengaluru,
CodeAnt AI,yc-remote,Remote,https://codeant.ai/
CodeParva Technologies Pvt Ltd,more-than-faang,,https://cutshort.io/company/codeparva-technologies-pvt-ltd-t0cDhxZW
Coderhouse,yc-remote,Remote,https://www.coderhouse.com/
Coding Ninjas,consumer,Delhi,
Codingal,yc-india,Bengaluru,https://www.codingal.com/?utm_source=yc
Cofactr,yc-remote,Remote,https://www.cofactr.com/
CogniCor,ai-native,Bengaluru,
Cognizant,more-than-faang,,https://careers.cognizant.com/in/en
Cogoport,more-india-product,Mumbai,
Cogram,yc-remote,Remote,https://cogram.com
Cohesity,global-india-engineering,Bengaluru,
CoinDCX,fintech,Mumbai,
CoinSwitch,fintech,Bengaluru,
CoinTracker,yc-remote,Remote,https://cointracker.com
Coinrule,yc-remote,Remote,https://coinrule.com/
Coinswitch kuber,more-than-faang,,https://recruiterflow.com/coinswitch/jobs
Collectly,yc-remote,Remote,http://collectly.co/
Community Phone Company,yc-remote,Remote,https://www.communityphone.org/
CompUp,yc-india,Bengaluru,https://www.compup.io
Compose.ai,yc-remote,Remote,https://compose.ai
Cone,yc-india,Hyderabad,https://www.getcone.io
Consus,yc-remote,Remote,https://www.consus.io
Contrario,yc-remote,Remote,https://contrario.ai
Convin,ai-native,Bengaluru,
Corgea,yc-remote,Remote,https://www.corgea.com/
Coris,yc-remote,Remote,https://coris.ai/
Couchbase,global-india-engineering,Bengaluru,
Coulomb AI,yc-india,Bengaluru,https://coulomb.ai/
Country Delight,consumer,Gurugram,
Coupl,yc-india,Bengaluru,https://coupl.money/
Cradle,yc-india,Bengaluru,https://www.cradlefinance.com
Cradlepoint,more-than-faang,,https://cradlepoint.com/about-us/careers/job-listings/
Crayon Data,ai-native,Chennai,
Craze,yc-india,Mumbai,https://www.craze.ai/?utm_source=yc
Credflow,more-india-product,Delhi,
Credgenics,saas,Noida,
Credit Suisse,more-than-faang,,https://www.credit-suisse.com/careers/en/apply.html
Crestron,more-than-faang,,https://www.crestron.com/About/careers-jobs-employment-opportunities
Cropin,mobility-industrial-climate-space,Bengaluru,
Crossover,remote-first-global,Remote,
CrowdStrike,global-india-engineering,Pune,
Cuemath,consumer,Bengaluru,
Cult.fit,consumer,Bengaluru,
Cureskin,more-india-product,Bengaluru,
Cutshort,more-india-product,Bengaluru,
Cvent,more-than-faang,,https://www.cvent.com/en/careers
D. E. Shaw &amp; Co.,more-than-faang,,https://www.deshawindia.com/careers/career-development
D. E. Shaw India,more-india-product,Hyderabad,
DBS,more-than-faang,,https://www.dbs.com/careers/default.page
DP World,more-than-faang,,https://ehpv.fa.em2.oraclecloud.com/hcmUI/CandidateExperience/en/sites/CX_1/requisitions
DRDO,more-than-faang,,https://www.drdo.gov.in/careers
Dagster Labs,remote-first-global,Remote,
DailyHunt,more-than-faang,,https://careers.dailyhunt.com/#!/
Darwinbox,saas,Hyderabad,
Darwix AI,ai-native,Gurugram,
Dashtoon,ai-native,Bengaluru,
Dassault Systemes,global-india-engineering,Pune,
Dataminr,more-than-faang,,https://www.dataminr.com/careers
DeHaat,mobility-industrial-climate-space,Patna,
DealShare,consumer,Bengaluru,
Decentro,fintech,Bengaluru,
Deel,remote-first-global,Remote,
Delhivery,mobility-industrial-climate-space,Gurugram,
Dell,more-than-faang,,https://jobs.dell.com/
Detect Technologies,ai-native,Chennai,
Deutsche Telekom Digital Labs,global-india-engineering,Gurugram,
Devtron,devtools-infra,Gurugram,
Dezerv,fintech,Mumbai,
Dhan,fintech,Mumbai,
Dhruva Space,mobility-industrial-climate-space,Hyderabad,
Digantara,mobility-industrial-climate-space,Bengaluru,
Digi-Prex,yc-india,Hyderabad,http://www.digi-prex.com/
Digit Insurance,fintech,Bengaluru,
Directi,more-than-faang,,https://careers.directi.com/
Discourse,remote-first-global,Remote,
Discovery inc,more-than-faang,,https://jobs.discovery.com/careers-home/
Disney,more-than-faang,,https://jobs.disneycareers.com/location/india-jobs/391-28648/1269750/2
Ditto Insurance,fintech,Bengaluru,
DocVita,yc-india,Bengaluru,https://docvita.com
Dockup,yc-india,Bengaluru,https://getdockup.com/
Dodo Payments,more-india-product,Bengaluru,
Doist,remote-first-global,Remote,
DoorDash,more-than-faang,,https://careers.doordash.com/
Dost Education,yc-india,Delhi,http://www.dosteducation.com/
DrDroid,yc-india,Bengaluru,https://drdroid.io/
Draup,devtools-infra,Bengaluru,
Dream Sports,consumer,Mumbai,
Dream11,more-than-faang,,https://www.dreamsports.group/careers
Drip Capital,yc-india,MH,http://dripcapital.com
DronaHQ,devtools-infra,Mumbai,
Droom,consumer,Gurugram,
DuPont,more-than-faang,,https://careers.dupont.com/us/en
Dubverse,ai-native,Delhi,
DuckDuckGo,remote-first-global,Remote,
Dukaan,devtools-infra,Bengaluru,
Dunzo,consumer,Bengaluru,
Dynatrace,global-india-engineering,Bengaluru,
Dyte,devtools-infra,Bengaluru,
E2E Networks,ai-native,Delhi,
EA Games,more-than-faang,,https://www.ea.com/careers
EXL Healthcare,more-than-faang,,https://exlservice.com/careers
Easebuzz,fintech,Pune,
EasyEcom,more-india-product,Gurugram,
Ecom Express,mobility-industrial-climate-space,Gurugram,
EduRev,yc-india,Chandigarh,http://edurev.in
Edyst,yc-india,Hyderabad,https://edyst.com
Eka Care,consumer,Bengaluru,
ElasticRun,mobility-industrial-climate-space,Pune,
Electronic Arts,global-india-engineering,Hyderabad,
Eloelo,consumer,Bengaluru,
EnKash,fintech,Mumbai,
Enerjazz,yc-india,Berlin,https://www.enerjazz.tech/
Enfussion,more-than-faang,,https://enfusion.com/careers/
Engati,ai-native,Bengaluru,
Envestnet Yoodlee,more-than-faang,,https://www.yodlee.com/oceania/india-careers
Epam,more-than-faang,,https://www.epam.com/
Equinix,more-than-faang,,https://careers.equinix.com/homepage
Ericsson,more-than-faang,,https://www.ericsson.com/en/careers
Eruditus,consumer,Mumbai,
Ethereal Machines,more-india-product,Bengaluru,
EthosX,yc-india,Claymont,https://www.ethosx.finance/
Euler Motors,mobility-industrial-climate-space,Delhi,
Even Healthcare,consumer,Bengaluru,
Exly,saas,Delhi,
Exotel,devtools-infra,Bengaluru,
Expedia,more-than-faang,,https://lifeatexpediagroup.com/jobs/
Expedia Group,global-india-engineering,Gurugram,
Explorex,yc-india,Bengaluru,https://explorex.co
EyeROV,more-than-faang,,https://www.eyerov.com/careers/
Ezetap,fintech,Bengaluru,
F5,more-than-faang,,https://www.f5.com/company/careers/
FabHotels,consumer,Delhi,
Facilio,devtools-infra,Chennai,
FanCode,more-india-product,Mumbai,
FarEye,saas,Noida,
Farmako Healthcare,yc-india,Gurugram,https://farmako.ai
Fasal,mobility-industrial-climate-space,Bengaluru,
Fibe,fintech,Pune,
Fico,more-than-faang,,https://www.fico.com/en/careers
Fidelity investments,more-than-faang,,https://jobs.fidelity.com/
FieldAssist,more-india-product,Gurugram,
Fieldproxy,yc-india,Chennai,http://fieldproxy.ai/
FifthTry,yc-india,Bengaluru,https://www.FifthTry.com
FinBox,ai-native,Bengaluru,
FireEye inc,more-than-faang,,https://www.fireeye.com/company/jobs.html
Fireflies.ai,ai-native,Remote,
Fireworks AI,remote-first-global,Remote,
FirstCry,consumer,Pune,
Fischer Jordan,more-than-faang,,https://fischerjordan.com/careers/
Fisdom,fintech,Bengaluru,
Fitterfly,consumer,Mumbai,
Fittr,more-india-product,Pune,
FlatX,yc-india,Bengaluru,https://www.flatx.co/
FlexiLoans,fintech,Mumbai,
Flipkart,consumer,Bengaluru,
Floworks,yc-india,Bengaluru,https://floworks.ai/
Fluid AI,more-india-product,Mumbai,
Flux Auto,yc-india,Bengaluru,https://fluxauto.ai
Fly.io,remote-first-global,Remote,
FlyFin,more-than-faang,,https://www.linkedin.com/company/flyfin-ai/jobs/
Fractal,more-than-faang,,https://fractal.ai/job-openings/
Fractal Analytics,ai-native,Mumbai,
Frappe Technologies,more-than-faang,,https://frappe.io/careers
Freo,fintech,Bengaluru,
FreshToHome,more-india-product,Bengaluru,
Fretron,more-india-product,Gurugram,
FrontPage,yc-india,Bengaluru,https://front.page
Frontier Markets,consumer,Jaipur,
Fujitsu,more-than-faang,,https://www.fujitsu.com/global/about/careers/
Furlenco,more-than-faang,,https://jobs.furlenco.com/
Fyle,devtools-infra,Bengaluru,
Fynd,devtools-infra,Mumbai,
GE,more-than-faang,,https://www.ge.com/in/careers/opportunities
GE HealthCare,global-india-engineering,Bengaluru,
GIVA,consumer,Bengaluru,
GalaxEye,mobility-industrial-climate-space,Bengaluru,
Games24x7,consumer,Mumbai,
Gameskraft,consumer,Bengaluru,
Gan.ai,ai-native,Bengaluru,
Gartner,more-than-faang,,https://jobs.gartner.com/
Garuda Aerospace,mobility-industrial-climate-space,Chennai,
GeeksForGeeks,more-than-faang,,https://www.geeksforgeeks.org/careers/?
GeekyAnts,more-than-faang,,https://geekyants.com/join-geekyants
Genpact,more-than-faang,,https://www.genpact.com/careers
Genrobotics,ai-native,Thiruvananthapuram,
GimBooks,yc-india,Raipur,https://gimbooks.com/
Github,more-than-faang,,https://github.com/about/careers
Glass Door,more-than-faang,,https://www.glassdoor.com/Jobs/Glassdoor-Jobs-E100431.htm
Global Logic,more-than-faang,,https://www.globallogic.com/in/careers/
Gnani.ai,ai-native,Bengaluru,
Go Pro,more-than-faang,,https://jobs.gopro.com/?lang=en-us#/
GoDigit,more-than-faang,,https://www.godigit.com/
GoKwik,saas,Delhi,
GoLorry,yc-india,Hyderabad,http://www.golorry.com
GoSats,yc-india,Dubai,https://gosats.io
Godrej Aerospace,more-than-faang,,https://www.godrej.com/godrejandboyce/gnb-careers
Gojek,more-than-faang,,https://career.gojek.com/
Goldman Sachs,global-india-engineering,Bengaluru,
GoodSpace,more-than-faang,,https://goodspace.ai/careers
Gramener,ai-native,Hyderabad,
Gravitont Rading,more-than-faang,,https://www.gravitontrading.com/careers.html
Great Learning,consumer,Gurugram,
GreyOrange,ai-native,Gurugram,
GroMo,yc-india,Gurugram,https://www.gromo.in
Grofers,more-than-faang,,https://grofers.com/careers/
Groq,more-than-faang,,https://groq.com/careers/
Gullak Money,yc-india,Bengaluru,https://gullak.money
Gupshup,ai-native,Bengaluru,
HBO,more-than-faang,,https://warnermediacareers.com/hbo-jobs
HCL Tech,more-than-faang,,https://www.hcltech.com/careers
HDFC Bank,more-than-faang,,https://www.hdfcbank.com/personal/about-us/careers
HERE,more-than-faang,,https://www.here.com/careers
HROne,saas,Noida,
HSBC Bank,more-than-faang,,https://www.hsbc.com/careers
Haber,more-india-product,Pune,
Hackerearth,more-than-faang,,https://www.hackerearth.com/careers/
Happay,fintech,Bengaluru,
Haptik,ai-native,Mumbai,
Harman,global-india-engineering,Bengaluru,
Hashedin,more-than-faang,,https://hashedin.com/careers/
Hashnode,more-than-faang,,https://careers.hashnode.com/jobs
Hasura,devtools-infra,Bengaluru,
Headout,consumer,Bengaluru,
Heads Up For Tails,more-india-product,Delhi,
HealthAsyst,more-than-faang,,https://www.healthasyst.com/careers/
HealthKart,more-india-product,Gurugram,
HealthPlix,consumer,Bengaluru,
Healthians,consumer,Gurugram,
HealthifyMe,consumer,Bengaluru,
Helloverify,yc-india,Noida,https://www.helloverify.ae
Hexagone,more-than-faang,,https://hexagon.com/about/careers
Hike,consumer,Delhi,
Hiration,yc-india,New Delhi,https://www.hiration.com/
HomeLane,consumer,Bengaluru,
Honasa Consumer,consumer,Gurugram,
Honeywell,global-india-engineering,Bengaluru,
Hoppscotch,devtools-infra,Remote,
Hotjar,remote-first-global,Remote,
Hotstar,more-than-faang,,https://tech.hotstar.com/
Housing.com,consumer,Gurugram,
HubSpot,global-india-engineering,Remote,
Hubilo,devtools-infra,Bengaluru,
HyperVerge,ai-native,Bengaluru,
Hyperface,more-india-product,Bengaluru,
IBM,more-than-faang,,https://www.ibm.com/in-en/employment/
IDfy,ai-native,Mumbai,
IHS Markit,more-than-faang,,https://careers.ihsmarkit.com/
IMT Care,yc-india,MH,https://www.imt.care
INDmoney,fintech,Gurugram,
IP Infusion,more-than-faang,,https://www.ipinfusion.com/career/
ISRO,more-than-faang,,https://www.isro.gov.in/careers
Icertis,saas,Pune,
Impact Analytics,more-than-faang,,https://www.impactanalytics.co/join-us/
InCore Semiconductors,more-india-product,Chennai,
Increff,saas,Bengaluru,
Indeed,more-than-faang,,https://in.indeed.com/cmp/Indeed
India Mart,more-than-faang,,https://careers.indiamart.com/
Indifi,fintech,Gurugram,
Infer,yc-india,Bengaluru,https://www.infer.so/
InferEdge,yc-india,MH,https://www.inferedge.com
Infinite Uptime,more-india-product,Pune,
Infinity,yc-india,Bengaluru,https://www.infinityapp.in/
Info Edge,consumer,Noida,
Infor,more-than-faang,,https://www.infor.com/nordics/about/careers
Informatica,global-india-engineering,Bengaluru,
Infospoke,more-than-faang,,http://www.infospoke.in/careers.html
Infra.Market,mobility-industrial-climate-space,Mumbai,
Infrrd,ai-native,Bengaluru,
Inito,yc-india,Bengaluru,https://www.inito.com/
Innoplexus,ai-native,Pune,
Innovaccer,saas,Noida,
Innoviti,fintech,Bengaluru,
Instamojo,devtools-infra,Bengaluru,
InsuranceDekho,fintech,Gurugram,
Intel,global-india-engineering,Bengaluru,
Intellika,more-than-faang,,https://www.intellika.in/careers/
Intello Labs,mobility-industrial-climate-space,Gurugram,
Interakt,saas,Mumbai,
Internshala,more-india-product,Gurugram,
Intuit,global-india-engineering,Bengaluru,
Ivy Homes,yc-india,Bengaluru,https://ivy.homes
JM Financial,more-than-faang,,https://jmfl.com/careers
JP Morgan,more-than-faang,,https://careers.jpmorgan.com/IN/en/home
JPMorgan Chase,global-india-engineering,Bengaluru,
Jaguar,more-than-faang,,https://www.jaguarlandrovercareers.com/
Jar,fintech,Bengaluru,
Jina AI,remote-first-global,Remote,
Jio,more-than-faang,,https://careers.jio.com/
Jio Platforms,global-india-engineering,Mumbai,
JioHotstar,consumer,Bengaluru,
JioSaavn,consumer,Mumbai,
Jivi,ai-native,Delhi,
Jodo,more-india-product,Bengaluru,
Josh Talks,more-india-product,Gurugram,
Jugalbandi,ai-native,Bengaluru,
Jumbotail,consumer,Bengaluru,
Junglee Games,consumer,Gurugram,
Juniper networks,more-than-faang,,https://www.juniper.net/us/en/company/culture-careers.html
Jupiter,fintech,Bengaluru,
Jupiter money,more-than-faang,,https://jobs.lever.co/jupiter
Juspay,devtools-infra,Bengaluru,
Kaagaz,yc-india,Gurugram,https://kaagaz.app
Kailash Labs,yc-india,Bengaluru,https://www.kailashlabs.com/
Kalam Labs,yc-india,India,http://www.kalamlabs.in
Kantar,more-than-faang,,https://www.kantar.com/careers
Kapiva,more-india-product,Bengaluru,
Kapture CX,ai-native,Bengaluru,
Karbon Card,yc-india,Bengaluru,https://www.karboncard.com/
Kazam,mobility-industrial-climate-space,Bengaluru,
Keka,saas,Hyderabad,
Keploy,devtools-infra,Bengaluru,
Kesari bharat,more-than-faang,,https://www.linkedin.com/in/deepak-sharda-6594561b1/
Keyence,more-than-faang,,https://www.keyence.com/ss/careers/
Keyvalue,more-than-faang,,https://keyvalue.systems/
Khatabook,fintech,Bengaluru,
Kirana Club,more-india-product,Delhi,
Kissan AI,ai-native,Bengaluru,
Kissflow,devtools-infra,Chennai,
Kissht,fintech,Mumbai,
Knowlarity,devtools-infra,Gurugram,
Kosh,yc-india,Gurugram,https://getkosh.com
Koshex,yc-india,Bengaluru,https://www.koshex.com
Kotak Mahindra Bank,more-than-faang,,https://www.kotak.com/en/about-us/careers.html
Kraken,global-india-engineering,Remote,
Kredily,more-india-product,Bengaluru,
KreditBee,fintech,Bengaluru,
Krutrim,ai-native,Bengaluru,
Kuku FM,consumer,Mumbai,
Kutumb,consumer,Bengaluru,
Kuvera,fintech,Bengaluru,
Kylas,saas,Pune,
LEAD Group,consumer,Mumbai,
LG Soft India,global-india-engineering,Bengaluru,
LOHUM,more-india-product,Noida,
LSEG,more-india-product,Bengaluru,
Lam Research,more-than-faang,,https://www.lamresearch.com/careers/careers-overview/
LambdaTest,devtools-infra,Noida,
Land rover,more-than-faang,,https://www.jaguarlandrovercareers.com/
Landeed,yc-india,Hyderabad,https://www.landeed.com/
Last9,devtools-infra,Bengaluru,
LatentView Analytics,ai-native,Chennai,
LeadSquared,saas,Bengaluru,
Leap Finance,more-than-faang,,https://leapfinance.freshteam.com/jobs
Leegality,saas,Gurugram,
Leena AI,ai-native,Gurugram,
Lenovo,more-than-faang,,https://jobs.lenovo.com/en_US/careers
Lenskart,consumer,Delhi,
Lentra,saas,Pune,
Leverage Edu,consumer,Delhi,
Licious,consumer,Bengaluru,
Liebherr,more-than-faang,,https://www.liebherr.com/en/usa/start/start-page.html
LimeChat,ai-native,Gurugram,
Liminal,more-india-product,Bengaluru,
Liquide,more-india-product,Mumbai,
Livspace,consumer,Bengaluru,
LoadShare,mobility-industrial-climate-space,Bengaluru,
Loco,more-india-product,Bengaluru,
Locofy.ai,more-india-product,Bengaluru,
Locus,saas,Bengaluru,
Log9 Materials,mobility-industrial-climate-space,Bengaluru,
LogicFruit,more-than-faang,,https://www.logic-fruit.com/
"Lowe&#39;s companies, inc",more-than-faang,,https://corporate.lowes.com/careers/search-apply
Lowe's,global-india-engineering,Bengaluru,
Lyzr,ai-native,Bengaluru,
M2P Fintech,saas,Chennai,
MPL,more-than-faang,,https://mpl.darwinbox.in/ms/candidate/careers
MTX,more-than-faang,,https://www.mtxb2b.com/s/career
Magicpin,more-india-product,Gurugram,
Mailmodo,saas,Bengaluru,
MakeMyTrip,consumer,Gurugram,
Maq Software,more-than-faang,,https://maqsoftware.com/
Markov,yc-india,Bengaluru,https://www.markovstudios.com/
Masai School,consumer,Bengaluru,
Mastercard,global-india-engineering,Pune,
Mastery,more-than-faang,,https://mastery.net/careers/
Material Depot,yc-india,Bengaluru,https://materialdepot.in/
MathCo,ai-native,Bengaluru,
MathWorks,global-india-engineering,Hyderabad,
Matter,mobility-industrial-climate-space,Ahmedabad,
Maya Labs,yc-india,Bengaluru,https://mayalabs.io
McKinsey,more-than-faang,,https://www.mckinsey.com/in/careers-in-india
"MedPiper Technologies, Inc",yc-india,Bengaluru,https://www.medpiper.com
MediBuddy,consumer,Bengaluru,
Medikabazaar,consumer,Mumbai,
Memory,more-than-faang,,https://memory.ai/jobs
Mercedes-Benz R&D India,global-india-engineering,Bengaluru,
Micron,more-than-faang,,https://micron.eightfold.ai/careers
Microsoft,global-india-engineering,Hyderabad,
Middleware,devtools-infra,Bengaluru,
Mihup,ai-native,Kolkata,
Mindgrove Technologies,devtools-infra,Chennai,
Minimalist,consumer,Jaipur,
Mintifi,fintech,Mumbai,
MoEngage,saas,Bengaluru,
MobiKwik,fintech,Gurugram,
Mobile Premier League,saas,Bengaluru,
Moglix,mobility-industrial-climate-space,Noida,
Mokobara,consumer,Bengaluru,
Molbio Diagnostics,more-than-faang,,https://www.molbiodiagnostics.com/career.php
Moneyview,fintech,Bengaluru,
Morgan Stanley,global-india-engineering,Mumbai,
Morphle Labs,yc-india,Bengaluru,https://morphlelabs.com
Mosaic Wellness,more-india-product,Mumbai,
Mount talent,more-than-faang,,https://careers.mounttalent.com/
Mswipe,fintech,Mumbai,
Mudrex,more-india-product,Bengaluru,
Multiverse Software,more-than-faang,,https://multiverseapp.com/
Murf AI,more-india-product,Bengaluru,
MyOperator,saas,Noida,
MySivi,yc-india,Bengaluru,https://www.mysivi.ai/
Mylo,consumer,Gurugram,
Myntra,consumer,Bengaluru,
NCR Corporation,more-than-faang,,https://www.ncr.com/careers
NVIDIA,global-india-engineering,Bengaluru,
Nagarro,more-than-faang,,https://www.nagarro.com/en/careers
Nanonets,ai-native,Bengaluru,
Nasdaq,more-india-product,Bengaluru,
NatWest Group,more-than-faang,,https://jobs.natwestgroup.com/search/jobs/in/country/india
National Finance Olympiad,yc-india,Bengaluru,https://www.nationalfinanceolympiad.com
National instruments,more-than-faang,,https://www.ni.com/en-in/about-ni/careers.html
Nazara Technologies,consumer,Mumbai,
Neeman's,more-india-product,Hyderabad,
Neodocs,consumer,Mumbai,
NetApp,global-india-engineering,Bengaluru,
Netcore Cloud,saas,Mumbai,
Netflix,more-than-faang,,https://jobs.netflix.com/
Netmeds,more-than-faang,,https://netmeds.darwinbox.in/ms/candidate/careers
Netrasemi,devtools-infra,Kochi,
NeuroPixel.AI,ai-native,Bengaluru,
NewSpace Research,more-india-product,Bengaluru,
Neysa,ai-native,Mumbai,
Nike,global-india-engineering,Bengaluru,
Ninjacart,mobility-industrial-climate-space,Bengaluru,
Niramai,ai-native,Bengaluru,
Niyo,fintech,Bengaluru,
Noise,more-india-product,Gurugram,
Nokia,more-than-faang,,https://www.nokia.com/about-us/careers/
Nova Benefits,more-india-product,Bengaluru,
Novatr,yc-india,Gurugram,https://www.novatr.com
Nutanix,global-india-engineering,Bengaluru,
NxtWave,consumer,Hyderabad,
Nykaa,consumer,Mumbai,
ODWEN,yc-india,Delhi,https://www.odwen.co.in
OLX India,consumer,Gurugram,
OYO,consumer,Gurugram,
Ocrolus,more-than-faang,,https://www.ocrolus.com/careers/
OfBusiness,mobility-industrial-climate-space,Gurugram,
OkCredit,fintech,Bengaluru,
Ola,consumer,Bengaluru,
Ola Electric,devtools-infra,Bengaluru,
OneAssist,more-india-product,Mumbai,
OneCard,fintech,Pune,
OneFin,yc-india,Bengaluru,https://www.onefin.in
Oneplus,more-than-faang,,https://www.oneplus.com/global/careers
Onsurity,fintech,Bengaluru,
OpenObserve,devtools-infra,Bengaluru,
OpenText,more-than-faang,,https://careers.opentext.com/
Optifye.ai,yc-india,New Delhi,https://www.optifye.ai
Optum,more-than-faang,,https://www.optum.in/about/careers.html
Optym,more-than-faang,,https://optym.com/careers/
Oracle,global-india-engineering,Bengaluru,
Orange Health,consumer,Bengaluru,
Orangewood Labs,yc-india,San Francisco,http://www.orangewood.co
Outlier,remote-first-global,Remote,
Ozonetel,devtools-infra,Hyderabad,
PTC,global-india-engineering,Pune,
Paasa,yc-india,Gurugram,https://paasa.com
Palo Alto Networks,global-india-engineering,Bengaluru,
Park+,consumer,Gurugram,
PayCrunch,yc-india,Bengaluru,https://paycrunch.in
PayGlocal,fintech,Bengaluru,
PayPal,global-india-engineering,Chennai,
PayU India,fintech,Gurugram,
Pazcare,more-india-product,Bengaluru,
Pazo,more-than-faang,,https://www.gopazo.com/
Pazy,more-india-product,Bengaluru,
Pegasystems,global-india-engineering,Hyderabad,
PeopleStrong,more-than-faang,,https://www.peoplestrong.com/careers/
Peoplebox.ai,yc-india,Bengaluru,https://www.peoplebox.ai
Pepper Content,more-india-product,Mumbai,
Pepperfry,consumer,Mumbai,
Perfios,ai-native,Bengaluru,
Perseus,yc-india,Bengaluru,https://perseus.computer
PharmEasy,consumer,Mumbai,
Philips,global-india-engineering,Bengaluru,
PhonePe,fintech,Bengaluru,
Physics Wallah,consumer,Noida,
Pickyourtrail,consumer,Chennai,
Pine Labs,fintech,Noida,
Pipeshift,ai-native,Bengaluru,
Pixis,ai-native,Bengaluru,
Pixxel,mobility-industrial-climate-space,Bengaluru,
Planful,saas,Hyderabad,
Planys Technologies,ai-native,Chennai,
Playment,more-than-faang,,https://www.playment.io/careers
Plivo,more-india-product,Bengaluru,
Plum,saas,Bengaluru,
Pocket Aces,more-india-product,Mumbai,
PolicyBazaar,fintech,Gurugram,
Postman,devtools-infra,Bengaluru,
Practo,consumer,Bengaluru,
Pragmatic Leaders (Ankai Inc),yc-india,Gurugram,"https://pragmaticleaders.io, https://ostronaut.com"
Pratilipi,consumer,Bengaluru,
PrimeVault,yc-india,Bengaluru,https://www.primevault.com
Principal,more-than-faang,,https://www.principal.com/about-us/careers/global-jobs
Pristyn Care,consumer,Gurugram,
Privado.ai,more-than-faang,,https://www.privado.ai
Probo,more-india-product,Gurugram,
Prodapt,more-than-faang,,https://www.prodapt.com/en/careers/
Progcap,fintech,Delhi,
Providence Healthcare,more-than-faang,,https://www.providencehealthcare.org/careers
Proximity Labs,more-than-faang,,https://www.proximity.tech/careers
Publicis Sapient,more-than-faang,,https://careers.publicissapient.com/
Pulse Active Stations Network,yc-india,India,http://www.getpulse.in/
Purplle,consumer,Mumbai,
Qapita,more-india-product,Bengaluru,
Qdrant,remote-first-global,Remote,
QpiAI,more-india-product,Bengaluru,
Quadeye,more-india-product,Gurugram,
Qualcomm,global-india-engineering,Hyderabad,
Qualys,global-india-engineering,Pune,
Quantiphi,ai-native,Mumbai,
QuickSell,more-than-faang,,https://www.linkedin.com/company/quicksell/jobs/
Qure.ai,ai-native,Mumbai,
RDash,yc-india,Gurugram,https://www.rdash.io
Radix,more-india-product,Mumbai,
RailYatri,consumer,Noida,
Rakuten India,more-india-product,Bengaluru,
Rapido,consumer,Bengaluru,
Rario,more-india-product,Delhi,
Raycast,remote-first-global,Remote,
Razorpay,fintech,Bengaluru,
Reclaim Protocol,yc-india,Hyderabad,https://reclaimprotocol.org
RecordBook,yc-india,Bengaluru,https://play.google.com/store/apps/details?id=com.foodmonk.rekordapp
Recruit CRM,saas,Remote,
Recykal,more-india-product,Hyderabad,
Red Hat,global-india-engineering,Pune,
RedBrick AI,yc-india,Claymont,https://redbrickai.com
RedCarpetUp,yc-india,Gurugram,http://redcarpetup.com
Redcliffe Labs,consumer,Noida,
Redcliffe Lifetech,yc-india,Delhi,http://redcliffelabs.com
Redpanda,remote-first-global,Remote,
Reelo,more-than-faang,,https://angel.co/company/reelohq
Requestly,devtools-infra,Bengaluru,
Ressl AI,yc-india,Bengaluru,https://ressl.ai
Retape,yc-india,Bengaluru,https://www.retape.ai/
Reverie Language Technologies,ai-native,Bengaluru,
Rezo.ai,ai-native,Noida,
Ripik.ai,more-india-product,Noida,
Rippling,global-india-engineering,Bengaluru,
Rivigo,mobility-industrial-climate-space,Gurugram,
Rocket Companies,more-than-faang,,https://www.myrocketcareer.com/
RocketSDR,yc-india,Bengaluru,https://rocketsdr.ai
Rocketium,ai-native,Bengaluru,
Rocketlane,devtools-infra,Chennai,
Rooter,more-india-product,Delhi,
Route Mobile,saas,Mumbai,
Router Protocol,devtools-infra,Remote,
Rowboat Labs,yc-india,Bengaluru,https://www.rowboatlabs.com
RudderStack,devtools-infra,Bengaluru,
Rupeek,fintech,Bengaluru,
Rupifi,fintech,Bengaluru,
SALT,yc-india,Bengaluru,https://salt.pe
SAP Labs India,global-india-engineering,Bengaluru,
STAGE,consumer,Noida,
SUGAR Cosmetics,consumer,Mumbai,
Saankhya Labs,devtools-infra,Bengaluru,
Saarthi.ai,ai-native,Bengaluru,
Saavan,more-than-faang,,https://www.jiosaavn.com/corporate/jobs
Sabre corporation,more-than-faang,,https://www.sabre.com/careers/
SalaryBook,yc-india,Bengaluru,https://salarybook.co.in/
SalaryBox,more-than-faang,,https://salarybox.in/
Salesforce,global-india-engineering,Hyderabad,
Salesken,ai-native,Bengaluru,
Samsung,more-than-faang,,https://www.samsung.com/in/about-us/careers/
Samsung R&D Institute,global-india-engineering,Bengaluru,
Sanitation and Health Rights in India (SHRI),yc-india,Boston,http://www.sanrights.org
Sarla Aviation,mobility-industrial-climate-space,Bengaluru,
Sastra Robotics,ai-native,Kochi,
SatSure,mobility-industrial-climate-space,Bengaluru,
SaveIN,yc-india,Delhi,https://www.savein.money/
Scaler,consumer,Bengaluru,
Scapia,consumer,Bengaluru,
Schneider Electric,more-than-faang,,https://www.se.com/in/en/about-us/careers/overview.jsp
SciSpace,more-india-product,Bengaluru,
Scienaptic AI,ai-native,Bengaluru,
Scripbox,fintech,Bengaluru,
Scrut Automation,devtools-infra,Bengaluru,
Sculpt,yc-india,Pune,https://www.sculptcosting.com/
Segwise,ai-native,Bengaluru,
SendinBlue,more-than-faang,,https://jobs.sendinblue.com/en
Sensibull,fintech,Bengaluru,
SerpApi,more-than-faang,,https://serpapi.com/team
Servify,more-india-product,Mumbai,
Setu,devtools-infra,Bengaluru,
Shaadi.com,more-than-faang,,https://www.naukri.com/
Shadowfax,mobility-industrial-climate-space,Bengaluru,
ShareChat,consumer,Bengaluru,
Shell,more-than-faang,,https://www.shell.com/careers.html
Shiprocket,mobility-industrial-climate-space,Delhi,
ShopKirana,more-india-product,Indore,
Shopdeck,more-india-product,Bengaluru,
Shopee,more-than-faang,,https://careers.shopee.sg/
Shopflo,saas,Bengaluru,
Shopify,more-than-faang,,https://www.shopify.com/careers
Siemens,global-india-engineering,Bengaluru,
Siemens Healthineers,global-india-engineering,Bengaluru,
SigTuple,ai-native,Bengaluru,
Signalchip,devtools-infra,Bengaluru,
Signeasy,devtools-infra,Bengaluru,
Signzy,ai-native,Bengaluru,
Simpl,fintech,Bengaluru,
Simple Energy,mobility-industrial-climate-space,Bengaluru,
Simplilearn,consumer,Bengaluru,
Simplismart,ai-native,Bengaluru,
SkillVertex,more-than-faang,,https://www.linkedin.com/jobs/search/?f_C=75860188&geoId=92000000
Skit.ai,ai-native,Bengaluru,
Skydo,fintech,Bengaluru,
Skylark Drones,more-india-product,Bengaluru,
Skyroot Aerospace,mobility-industrial-climate-space,Hyderabad,
Slidely AI,yc-india,Bengaluru,https://slidely.ai/
Slikk,more-india-product,Bengaluru,
Sling Media,more-than-faang,,https://www.linkedin.com/jobs/sling-media-jobs/?originalSubdomain=in
Smallcase,fintech,Bengaluru,
Smallest.ai,ai-native,Bengaluru,
Smith Detection,more-than-faang,,https://www.smithsdetection.com/careers/
Snapdeal,consumer,Delhi,
Snapmint,more-india-product,Mumbai,
Snitch,consumer,Bengaluru,
SolarSquare,more-india-product,Mumbai,
Sony,global-india-engineering,Bengaluru,
SonyLIV,consumer,Mumbai,
Sourcegraph,remote-first-global,Remote,
SpadeWorks,yc-india,Hyderabad,https://www.spadeworks.co
Spark Studio,yc-india,Bengaluru,https://sparkstudio.co
SpeakX,more-india-product,Bengaluru,
Spenny,yc-india,Bengaluru,http://spennyapp.com
Spice Money,fintech,Delhi,
Spinny,consumer,Gurugram,
Springworks,saas,Bengaluru,
Sprinklr,saas,Gurugram,
Sprinto,devtools-infra,Bengaluru,
Spyne,ai-native,Gurugram,
SquadStack,ai-native,Noida,
Squadcast,devtools-infra,Bengaluru,
Stable Money,fintech,Bengaluru,
StayQrious,yc-india,Bengaluru,https://StayQrious.com
Stellapps,mobility-industrial-climate-space,Bengaluru,
Stockgro,more-india-product,Mumbai,
Stownest,yc-india,Bengaluru,https://stownest.com
Sugar.fit,consumer,Bengaluru,
Sun Mobility,mobility-industrial-climate-space,Bengaluru,
SuperAPI,yc-india,Bengaluru,https://trysuperapi.com
SuperKalam,yc-india,Bengaluru,https://superkalam.com
SuperOps,devtools-infra,Chennai,
Supertails,more-india-product,Bengaluru,
SuprSend,devtools-infra,Bengaluru,
SureBright,yc-india,New Delhi,https://surebright.com/
Swadesh,yc-india,New York City,http://www.swadesh.co
Swadesi Way,yc-india,Delhi,https://swadesiway.com/
Swipe,yc-india,Hyderabad,https://getswipe.in
Swish,more-india-product,Bengaluru,
Synopsys,global-india-engineering,Bengaluru,
Synup,saas,Hyderabad,
TATA Advanced Sysytems Ltd,more-than-faang,,https://www.tataadvancedsystems.com/careers.php
TATA nexarc,more-than-faang,,https://www.tatanexarc.com/careers/
TE Connectivity,more-than-faang,,https://careers.te.com/
TEK Systems,more-than-faang,,https://www.teksystems.com/en-in/careers
TSMC,more-than-faang,,https://www.tsmc.com/static/english/careers/index.htm
Taali Inc,yc-india,Mumbai,https://www.taalifoods.com/
TagMango,yc-india,Kolkata,https://www.tagmango.com
Tally Solutions,more-india-product,Bengaluru,
Tanla Platforms,saas,Hyderabad,
Target,global-india-engineering,Bengaluru,
Tartan,more-india-product,Bengaluru,
Tata 1mg,consumer,Gurugram,
Tata Digital,consumer,Bengaluru,
Teachmint,saas,Bengaluru,
Tejas Networks,devtools-infra,Bengaluru,
Tencent,more-than-faang,,"https://careers.tencent.com/en-us/search.html?query=ot_40001001,ot_40001002,ot_40001003,ot_40001004,ot_40001005,ot_40001006"
Teradata,global-india-engineering,Hyderabad,
Tesco,global-india-engineering,Bengaluru,
Tesla,more-than-faang,,https://www.tesla.com/careers
Testbook,consumer,Mumbai,
TestingBot,more-than-faang,,https://testingbot.com/careers
Testsigma,more-india-product,Bengaluru,
Texas Instruments,global-india-engineering,Bengaluru,
The Souled Store,consumer,Mumbai,
The Whole Truth,more-india-product,Mumbai,
The ePlane Company,mobility-industrial-climate-space,Chennai,
Thomson Reuters,global-india-engineering,Bengaluru,
ThoughtSpot,saas,Bengaluru,
Thrillophilia,consumer,Bengaluru,
Tiger Analytics,ai-native,Chennai,
Tilt,yc-india,Bengaluru,https://tilt.bike/
Toddle,saas,Bengaluru,
Toggl,remote-first-global,Remote,
Tonbo Imaging,mobility-industrial-climate-space,Bengaluru,
ToolJet,devtools-infra,Remote,
Topcoder,more-than-faang,,https://www.topcoder.com/company/jobs/
Toplyne,ai-native,Bengaluru,
Tracxn,ai-native,Bengaluru,
Traya,more-india-product,Mumbai,
Tredence,ai-native,Bengaluru,
Treebo,consumer,Bengaluru,
Treebo Hotels,more-than-faang,,https://www.linkedin.com/company/treebohotels/jobs/
Trellix,global-india-engineering,Bengaluru,
Tricog Health,consumer,Bengaluru,
Truemeds,consumer,Mumbai,
Twitter,more-than-faang,,https://careers.twitter.com/
Ubisoft,global-india-engineering,Pune,
Udaan,consumer,Bengaluru,
Ultimate Kronos Group,more-than-faang,,https://careers.ukg.com/
Ultrahuman,consumer,Bengaluru,
Ultraviolette,mobility-industrial-climate-space,Bengaluru,
Unbox Robotics,ai-native,Pune,
Uni Cards,fintech,Bengaluru,
Unicommerce,saas,Gurugram,
Uniphore,ai-native,Chennai,
Unisys,more-than-faang,,https://jobs.unisys.com/us/en
Unity,global-india-engineering,Bengaluru,
Univest,more-india-product,Mumbai,
Unstop,more-india-product,Delhi,
Uolo,saas,Gurugram,
Urban Company,consumer,Gurugram,
UrbanKisaan,yc-india,Hyderabad,https://www.urbankisaan.com
Vahan,saas,Bengaluru,
Valuefy,more-than-faang,,https://valuefy-solutions.breezy.hr/
Vantage Circle,saas,Guwahati,
Vayana,fintech,Pune,
Vecmocon,mobility-industrial-climate-space,Noida,
Vedantu,consumer,Bengaluru,
Veera Health,yc-india,MH,https://www.veerahealth.com
VerSe Innovation,consumer,Bengaluru,
Verloop.io,ai-native,Bengaluru,
Viasat,more-than-faang,,https://careers.viasat.com/
Vicara,more-than-faang,,https://vicara.ch/careers/
Visa,global-india-engineering,Bengaluru,
Vivriti Capital,fintech,Chennai,
Vmware,more-than-faang,,https://careers.vmware.com/main/
Vogo,more-than-faang,,https://vogo.in/careers/
Volopay,fintech,Bengaluru,
Voosh,yc-india,Bengaluru,https://voosh.ai/
Vue.ai,ai-native,Chennai,
Vyapar,fintech,Bengaluru,
Vymo,saas,Bengaluru,
Wadhwani AI,ai-native,Mumbai,
Wakefit,consumer,Bengaluru,
Walmart,more-than-faang,,https://careers.walmart.com/technology
Walmart Global Tech,global-india-engineering,Bengaluru,
WareIQ,yc-india,Bengaluru,https://www.wareiq.com/
Warner Bros.,more-than-faang,,https://warnermediacareers.com/warner-bros-jobs
Wati,ai-native,Bengaluru,
WayCool,mobility-industrial-climate-space,Chennai,
Waybill,yc-india,Gurugram,https://www.waybill.to/
WebEngage,saas,Mumbai,
Weights & Biases,remote-first-global,Remote,
Wells Fargo,more-than-faang,,https://www.wellsfargo.com/about/careers/
"Wifi Dabba, Inc.",yc-india,Bengaluru,https://dabba.com
WinZO,consumer,Delhi,
Wingify,saas,Delhi,
Wint Wealth,fintech,Bengaluru,
Wiom,more-india-product,Delhi,
Wooqer,more-than-faang,,https://wooqer.com/careers/
WorkIndia,consumer,Mumbai,
Workativ,more-india-product,Bengaluru,
Workday,global-india-engineering,Pune,
Writesonic,more-india-product,Bengaluru,
Wysa,consumer,Bengaluru,
Xflow,fintech,Bengaluru,
Xicom Technologies,more-than-faang,,https://www.xicom.biz/careers/
Xoxoday,more-india-product,Bengaluru,
XpressBees,mobility-industrial-climate-space,Pune,
Yahoo,more-than-faang,,https://research.yahoo.com/careers
YeasiTech,more-than-faang,,https://www.yeasitech.com/career
Yellow.ai,ai-native,Bengaluru,
Yenmo,yc-india,Bengaluru,https://yenmo.in/
Yubi,saas,Chennai,
Yulu,consumer,Bengaluru,
Yulu Bikes,more-than-faang,,https://www.yulu.bike/careers/
ZS,more-than-faang,,https://jobs.zs.com/all/jobs
Zaggle,fintech,Hyderabad,
Zealth,yc-india,Bengaluru,https://zealth-ai.com/
Zee5,consumer,Bengaluru,
Zendesk,global-india-engineering,Pune,
Zenduty,devtools-infra,Bengaluru,
Zeno Motors,mobility-industrial-climate-space,Bengaluru,
Zeo Route Planner,yc-india,San Francisco,https://zeorouteplanner.com
Zepto,consumer,Mumbai,
Zerodha,fintech,Bengaluru,
Zetwerk,mobility-industrial-climate-space,Bengaluru,
ZiffyHomes,yc-india,Gurugram,https://www.ziffyhomes.com/
Zimyo,saas,Gurugram,
Zingbus,consumer,Gurugram,
Zipy,devtools-infra,Bengaluru,
Zivame,consumer,Bengaluru,
Zluri,devtools-infra,Bengaluru,
Zocket,more-india-product,Chennai,
Zoho,saas,Chennai,
Zoko,saas,Bengaluru,
Zolve,fintech,Bengaluru,
Zomato,consumer,Gurugram,
Zoom,global-india-engineering,Bengaluru,
Zoomcar,consumer,Bengaluru,
Zuddl,devtools-infra,Bengaluru,
Zupee,consumer,Gurugram,
Zynga,global-india-engineering,Bengaluru,
Zypp Electric,mobility-industrial-climate-space,Gurugram,
[24]7.ai,more-than-faang,,https://www.247.ai/company/careers
adyn,yc-remote,Remote,https://adyn.com
bankbazaar,more-than-faang,,https://www.bankbazaar.com/careers.html
bitdefender,more-than-faang,,https://www.bitdefender.com/company/job-opportunities/
bitly,more-than-faang,,https://bitly.com/pages/careers
blackberry,more-than-faang,,https://bb.wd3.myworkdayjobs.com/BlackBerry/jobs
blueorigin,more-than-faang,,https://www.blueorigin.com/careers
boAt,consumer,Delhi,
borong,yc-remote,Remote,https://www.borong.com/
cure.fit,more-than-faang,,https://www.cult.fit/careers
dbt Labs,remote-first-global,Remote,
deepset,remote-first-global,Remote,
digit,more-than-faang,,https://digit.co/careers
digitalocean,more-than-faang,,https://www.digitalocean.com/careers
dolby,more-than-faang,,https://www.dolby.com/careers/
duo,more-than-faang,,https://duo.com/careers
eBay,more-than-faang,,https://jobs.ebayinc.com/us/en
factset,more-than-faang,,https://www.factset.com/careers
farmtheory,yc-india,Bengaluru,http://farmtheory.in/
fincover,more-than-faang,,https://www.fincover.com/
fiserv,more-than-faang,,https://www.careers.fiserv.com/
greytHR,saas,Bengaluru,
iQuanti,more-than-faang,,https://www.iquanti.com/contact-us/careers/
ideaForge,mobility-industrial-climate-space,Mumbai,
khoros,more-than-faang,,https://khoros.com/about/careers
marketfeed,yc-india,Bengaluru,https://marketfeed.com
micro1,remote-first-global,Remote,
nurture.farm,more-than-faang,,https://nurture.farm/join-us/
persistent systems,more-than-faang,,https://www.persistent.com/careers/
priceline,more-than-faang,,https://careers.priceline.com/search
redBus,consumer,Bengaluru,
super.money,fintech,Bengaluru,
unacadamy,more-than-faang,,https://unacademy.com/careers
upGrad,consumer,Mumbai,
xPay,yc-india,Bengaluru,https://www.xpaycheckout.com/
